insert into movies values(6604,'Frédi és Béni, avagy a két kőkorszaki szaki','The Flintstones',1960,1966,'tvSeries',false);
INSERT INTO movies VALUES(9918,'A keresztapa','The Godfather',1972,null,'movie',false);
INSERT INTO movies VALUES(10521,'A keresztapa II','The Godfather Part II',1974,null,'movie',false);
INSERT INTO movies VALUES(10805,'Kánikulai délután','Dog Day Afternoon',1975,null,'movie',false);
INSERT INTO movies VALUES(10920,'Száll a kakukk fészkére','One Flew Over the Cuckoo''s Nest',1975,null,'movie',false);
INSERT INTO movies VALUES(11402,'Annie Hall','Annie Hall',1977,null,'movie',false);
INSERT INTO movies VALUES(16594,'Holt költők társasága','Dead Poets Society',1989,null,'movie',false);
INSERT INTO movies VALUES(17313,'A keresztapa III.','The Godfather Part III',1990,null,'movie',false);
INSERT INTO movies VALUES(17954,'A Keresztapa családja','The Godfather Family: A Look Inside',1990,null,'tvMovie',false);
INSERT INTO movies VALUES(20113,'A Flintstone család','The Flintstones',1994,null,'movie',false);
INSERT INTO movies VALUES(22980,'Lesz ez még így se!','As Good as It Gets',1997,null,'movie',false);
INSERT INTO movies VALUES(23782,'Mathilde illata','Le parfum de Mathilde',1995,null,'tvMovie',true);
INSERT INTO movies VALUES(29822,'Rossz álmok','The Gift',2000,null,'movie',false);
INSERT INTO movies VALUES(34902,'A Karib-tenger kalózai: A Fekete Gyöngy átka','Pirates of the Caribbean: The Curse of the Black Pearl',2003,null,'movie',false);
INSERT INTO movies VALUES(36947,'A Karib-tenger kalózai: Holtak kincse','Pirates of the Caribbean: Dead Man''s Chest',2006,null,'movie',false);
INSERT INTO movies VALUES(37030,'Állj ki a szerelemért','The Godfather of Green Bay',2005,null,'movie',false);
INSERT INTO movies VALUES(38218,'Ádám almái','Adams æbler',2005,null,'movie',false);
INSERT INTO movies VALUES(39410,'A Karib-tenger kalózai: A világ végén','Pirates of the Caribbean: At World''s End',2007,null,'movie',false);
INSERT INTO movies VALUES(48674,'A Karib-tenger kalózai: Ismeretlen vizeken','Pirates of the Caribbean: On Stranger Tides',2011,null,'movie',false);
INSERT INTO movies VALUES(53855,'A Karib-tenger kalózai: Salazar bosszúja','Pirates of the Caribbean: Dead Men Tell No Tales',2017,null,'movie',false);
INSERT INTO movies VALUES(54706,'Senki többet','La migliore offerta',2013,null,'movie',false);
INSERT INTO movies VALUES(60412,'Az ajándék','The Gift',2015,null,'movie',false);
INSERT INTO movies VALUES(11668,'Egy úr az űrből','Mork & Mindy',1978,1982,'tvSeries',false);
INSERT INTO movies VALUES(11753,'Családi tűzfészek','Családi tüzfészek',1979,null,'movie',false);
INSERT INTO movies VALUES(13079,'Szabadgyalog','Szabadgyalog',1981,null,'movie',false);
INSERT INTO movies VALUES(13369,'Panelkapcsolat','Panelkapcsolat',1982,null,'movie',false);
INSERT INTO movies VALUES(14153,'Őszi almanach','Öszi almanach',1984,null,'movie',false);
INSERT INTO movies VALUES(16128,'Kárhozat','Kárhozat',1988,null,'movie',false);
INSERT INTO movies VALUES(20554,'Sátántangó','Sátántangó',1994,null,'movie',false);
INSERT INTO movies VALUES(21100,'Utazás az Alföldön','Utazás az Alföldön',1995,null,'short',false);
INSERT INTO movies VALUES(25147,'Hotel Magnezit','Hotel Magnezit',1978,null,'short',false);
INSERT INTO movies VALUES(31419,'Werckmeister harmóniák','Werckmeister harmóniák',2000,null,'movie',false);
INSERT INTO movies VALUES(32073,'The last Boat - CITY LIFE - Budapest','The last Boat - CITY LIFE - Budapest',1990,null,'short',false);
INSERT INTO movies VALUES(33479,'Macbeth','Macbeth',1983,null,'tvMovie',false);
INSERT INTO movies VALUES(38075,'A londoni férfi','A londoni férfi',2007,null,'movie',false);
INSERT INTO movies VALUES(38491,'Európa-képek','Visions of Europe',2004,null,'movie',false);
INSERT INTO movies VALUES(48950,'A torinói ló','A torinói ló',2011,null,'movie',false);
INSERT INTO movies VALUES(52808,'Cinemarxisme','Cinemarxisme',1979,null,'short',false);
INSERT INTO movies VALUES(55320,'Prologue','Prologue',2004,null,'short',false);
INSERT INTO movies VALUES(19181,'Bronxi mese','A Bronx Tale',1993,null,'movie',false);
INSERT INTO movies VALUES(35508,'Az ügynökség','The Good Shepherd',2006,null,'movie',false);
INSERT INTO actors VALUES(2,'Robert Duvall',1931,null);
insert into actors values(44,'Róbert Koltai',1943,null);
insert into actors values(299,'Mel Blanc',1908,1989);
insert into actors values(493,'James Caan',1940,null);
insert into actors values(549,'Greg Kinnear',1963,null);
insert into actors values(729,'Lauren Holly',1963,null);
insert into actors values(831,'Mads Mikkelsen',1965,null);
insert into actors values(935,'Hanna Schygulla',1943,null);
insert into actors values(999,'Keanu Reeves',1964,null);
insert into actors values(1169,'Erika Bodnár',1948,null);
insert into actors values(1475,'John Goodman',1952,null);
insert into actors values(1480,'Andy Garcia',1956,null);
insert into actors values(1902,'Judit Pogány',1944,null);
insert into actors values(1940,'Jack Nicholson',1937,null);
insert into actors values(2001,'Ulrich Thomsen',1963,null);
insert into actors values(2245,'György Cserhalmi',1948,null);
insert into actors values(2518,'Penélope Cruz',1974,null);
insert into actors values(2926,'Donald Sutherland',1935,null);
insert into actors values(3032,'Geoffrey Rush',1951,null);
insert into actors values(3286,'Chazz Palminteri',1952,null);
insert into actors values(3469,'Carol Kane',1952,null);
insert into actors values(3785,'Al Pacino',1940,null);
insert into actors values(3806,'Ian McShane',1942,null);
insert into actors values(3888,'Cate Blanchett',1969,null);
insert into actors values(4034,'Nicolas Bro',1972,null);
insert into actors values(4049,'János Derzsi',1954,null);
insert into actors values(4334,'Katie Holmes',1978,null);
insert into actors values(4716,'Bea Benaderet',1906,1968);
insert into actors values(5032,'Diane Keaton',1946,null);
insert into actors values(5148,'Ethan Hawke',1970,null);
insert into actors values(5154,'Javier Bardem',1969,null);
insert into actors values(5454,'Halle Berry',1966,null);
insert into actors values(5674,'Alec Baldwin',1958,null);
insert into actors values(5700,'Tilda Swinton',1960,null);
insert into actors values(6246,'Robin Williams',1951,2014);
insert into actors values(6287,'Keira Knightley',1985,null);
insert into actors values(6913,'Rebecca Hall',1982,null);
insert into actors values(7335,'Jim Sturgess',1978,null);
insert into actors values(7602,'Sylvia Hoeks',1983,null);
insert into actors values(7827,'Helen Hunt',1963,null);
insert into actors values(7864,'Miroslav Krobot',1951,null);
insert into actors values(8078,'Angelina Jolie',1975,null);
insert into actors values(8079,'Johnny Depp',1963,null);
insert into actors values(8658,'Talia Shire',1946,null);
insert into actors values(9143,'Francis Capra',1983,null);
insert into actors values(9174,'Tony Goldwyn',1960,null);
insert into actors values(9205,'Erzsébet Kútvölgyi',1950,null);
insert into actors values(9293,'Tom Poston',1921,2007);
insert into actors values(9510,'Hédi Temessy',1925,2001);
insert into actors values(9527,'Rick Moranis',1953,null);
insert into actors values(9604,'Hal Smith',1916,1994);
insert into actors values(9674,'Matt Damon',1970,null);
insert into actors values(10347,'Rosie O''Donnell',1962,null);
insert into actors values(10433,'Cuba Gooding Jr.',1968,null);
insert into actors values(10566,'William Hanna',1910,2001);
insert into actors values(11815,'John Stephenson',1923,2015);
insert into actors values(12150,'Woody Allen',1935,null);
insert into actors values(12523,'Allison Tolman',1981,null);
insert into actors values(12657,'Erika Bók',null,null);
insert into actors values(12739,'Don Messick',1926,1997);
insert into actors values(13348,'Julia Channel',1973,null);
insert into actors values(14595,'Marlon Brando',1924,2004);
insert into actors values(14883,'Jean Vander Pyl',1919,1999);
insert into actors values(14933,'Jay Thomas',1948,2017);
insert into actors values(15024,'Joel Edgerton',1974,null);
insert into actors values(15085,'Robert Sean Leonard',1969,null);
insert into actors values(15320,'Paprika Steen',1964,null);
insert into actors values(15718,'Robert De Niro',1943,null);
insert into actors values(16970,'Pál Hetényi',1935,1994);
insert into actors values(17008,'Ralph James',1924,1992);
insert into actors values(17908,'Arvo Iho',1949,null);
insert into actors values(18323,'Josh Charles',1971,null);
insert into actors values(18460,'Alan Reed',1907,1977);
insert into actors values(20125,'Giovanni Ribisi',1974,null);
insert into actors values(20261,'Gina Hecht',1952,null);
insert into actors values(20607,'László feLugossy',1947,null);
insert into actors values(21431,'Louise Fletcher',1934,null);
insert into actors values(22239,'Orlando Bloom',1977,null);
insert into actors values(23058,'Lars Rudolph',1966,null);
insert into actors values(23145,'Éva Almássy Albert',1948,null);
insert into actors values(23496,'Miklós Székely B.',1948,null);
insert into actors values(25746,'Tony Roberts',1939,null);
insert into actors values(26569,'Garry Marshall',1934,2016);
insert into actors values(27110,'Milos Forman',1932,2018);
insert into actors values(27286,'Michael Berryman',1948,null);
insert into actors values(27542,'Peter Greenaway',1942,null);
insert into actors values(29382,'Jason Bateman',1969,null);
insert into actors values(29923,'John Cazale',1935,1978);
insert into actors values(31945,'Sully Boyar',1923,2001);
insert into actors values(33910,'Jack Davenport',1973,null);
insert into actors values(34022,'Pam Dawber',1951,null);
insert into actors values(37222,'Conrad Janis',1928,2022);
insert into actors values(37814,'Lillo Brancato',1976,null);
insert into actors values(39690,'Jimmy Pardo',null,null);
insert into actors values(40396,'István Balla',null,null);
insert into actors values(40526,'Peter Brocco',1903,1992);
insert into actors values(42657,'Putyi Horváth',1953,null);
insert into actors values(42895,'Kyri Ambrus',1945,2021);
insert into actors values(43761,'Élodie Chérie',1966,null);
insert into actors values(43773,'Penelope Allen',null,null);
insert into actors values(45899,'Alan Rees',null,null);
insert into actors values(46047,'László Horváth',1943,1988);
insert into actors values(49115,'Draghixa',1973,null);
insert into actors values(50160,'Peter Fitz',1931,2013);
insert into actors values(50164,'András Szabó',null,null);
insert into actors values(52991,'Joseph Barbera',1911,2006);
insert into actors values(53825,'Gyula Pauer',1941,2012);
insert into actors values(58699,'Gábor Ifj. Kun',null,null);
insert into actors values(59008,'Mihály Vig',1957,null);
insert into actors values(59107,'Mihály Kormos',null,null);
insert into actors values(59786,'Gerry Johnson',1918,1990);
insert into actors values(61556,'Christoph Clark',1958,null);
insert into actors values(71537,'Frank Buxton',1930,2018);
insert into actors values(74765,'Vali Kerekes',1953,null);
insert into actors values(75359,'Imre Donkó',null,null);
insert into actors values(78386,'Pete Schwaba',null,null);
insert into actors values(84888,'Agneta Ulfsäter-Troell',1941,null);
insert into actors values(88647,'Ricsi',null,null);
insert into actors values(90642,'Gábor Kun',null,null);
insert into actors values(90870,'Irén Szajki',null,null);
insert into actors values(91077,'Yohanna Troell',1983,null);
insert into actors values(91148,'Johan Arnesson',null,null);
insert into actors values(91214,'Jolan Fodor',null,null);
insert into actors values(94078,'Sidney Lumet',1924,2011);
insert into actors values(94279,'Francis Ford Coppola',1939,null);
insert into actors values(95282,'Jan Troell',1931,null);
insert into actors values(95560,'Peter Weir',1944,null);
insert into actors values(95861,'Bob Claver',1928,2017);
insert into actors values(95995,'Howard Storm',1931,null);
insert into actors values(95996,'Jeff Chambers',null,null);
insert into actors values(95997,'Joel Zwick',1942,null);
insert into actors values(95998,'Harvey Medlinsky',null,null);
insert into actors values(95999,'Don Barnhart',null,2016);
insert into actors values(96016,'Béla Tarr',1955,null);
insert into actors values(96275,'Jean Rollin',1938,2010);
insert into actors values(96625,'Sam Raimi',1959,null);
insert into actors values(96787,'Tony Gatlif',1948,null);
insert into actors values(96791,'Aki Kaurismäki',1957,null);
insert into actors values(96804,'James L. Brooks',1940,null);
insert into actors values(96812,'Miguel Hermoso',1942,null);
insert into actors values(97171,'Giuseppe Tornatore',1956,null);
insert into actors values(97518,'Brian Levant',1952,null);
insert into actors values(97599,'Stijn Coninx',1957,null);
insert into actors values(99108,'Francesca Comencini',1961,null);
insert into actors values(99164,'Jeff Werner',null,null);
insert into actors values(99212,'Martin Sulík',1962,null);
insert into actors values(100327,'Teresa Villaverde',1966,null);
insert into actors values(100576,'Sasa Gedeon',1970,null);
insert into actors values(100928,'Theo van Gogh',1957,2004);
insert into actors values(100985,'Sharunas Bartas',1964,null);
insert into actors values(101410,'Gore Verbinski',1964,null);
insert into actors values(101664,'Marc Dorcel',1934,null);
insert into actors values(102072,'Barbara Albert',1970,null);
insert into actors values(102465,'Laila Pakalnina',1962,null);
insert into actors values(102609,'Fatih Akin',1973,null);
insert into actors values(103012,'Andy Bausch',1959,null);
insert into actors values(103361,'Constantine Giannaris',1959,null);
insert into actors values(104520,'Anders Thomas Jensen',1972,null);
insert into actors values(104924,'Ágnes Hranitzky',1945,null);
insert into actors values(105184,'János Hollós',1959,null);
insert into actors values(105283,'Malgorzata Szumowska',1973,null);
insert into actors values(106097,'Aisling Walsh',1958,null);
insert into actors values(106758,'Damjan Kozole',1964,null);
insert into actors values(107265,'Christoffer Boe',1974,null);
insert into actors values(107961,'Rob Marshall',1960,null);
insert into actors values(108432,'Joachim Rønning',1972,null);
insert into actors values(108433,'Espen Sandberg',1971,null);
insert into actors values(108683,'Christos Georgiou',1966,null);
insert into actors values(108684,'Kenneth Scicluna',1975,null);
insert into plays values(1,'Billy Whistler',54706,2926);
insert into plays values(2,'Captain Salazar',53855,5154);
insert into plays values(3,'Virgil Oldman',54706,3032);
insert into plays values(4,'Robert',54706,7335);
insert into plays values(5,'Sebestyén","singer''s husband',16128,2245);
insert into plays values(6,'Barney Rubble',20113,9527);
insert into plays values(7,'Ohlsdorfer''s daughter',48950,12657);
insert into plays values(8,'Mork","Self',11668,6246);
insert into plays values(9,'Sophie","la soubrette-the maid',23782,13348);
insert into plays values(10,'Elizabeth Swann',34902,6287);
insert into plays values(11,'Gordo',60412,15024);
insert into plays values(12,'Blackbeard',48674,3806);
insert into plays values(13,'Orson',11668,17008);
insert into plays values(14,'Vito Corleone',10521,15718);
insert into plays values(15,'Betty Rubble',20113,10347);
insert into plays values(16,'Sonny',10805,3785);
insert into plays values(17,'Alvy Singer',11402,12150);
insert into plays values(18,'Elizabeth Swann',39410,6287);
insert into plays values(19,'Carol Connelly',22980,7827);
insert into plays values(20,'Jack Sparrow',34902,8079);
insert into plays values(21,'Tünde Eszter',31419,935);
insert into plays values(22,'Will Turner',36947,22239);
insert into plays values(23,'Schmidtné',20554,23145);
insert into plays values(24,'Angelica',48674,2518);
insert into plays values(25,'Captain Hector Barbossa',53855,3032);
insert into plays values(26,'Vincent Mancini',17313,1480);
insert into plays values(27,'Jean DaVinci',11668,20261);
insert into plays values(28,'Rob',11402,25746);
insert into plays values(29,'Jack Sparrow',39410,8079);
insert into plays values(30,'Férj',13369,44);
insert into plays values(31,'Ellis',10920,27286);
insert into plays values(32,'Melvin Udall',22980,1940);
insert into plays values(33,'Sal',10805,29923);
insert into plays values(34,'Michael',10521,3785);
insert into plays values(35,'Mulvaney',10805,31945);
insert into plays values(36,'Henriette',38075,12657);
insert into plays values(37,'Michael',9918,3785);
insert into plays values(38,'Captain Jack Sparrow',53855,8079);
insert into plays values(39,'Kay Adams',9918,5032);
insert into plays values(40,'Margaret ''Clover'' Russell',35508,8078);
insert into plays values(41,'Ivan',38218,831);
insert into plays values(42,'Higgins',37030,39690);
insert into plays values(43,'Tibor, a tanár úr',14153,16970);
insert into plays values(44,'Balázs',13079,40396);
insert into plays values(45,'Col. Matterson',10920,40526);
insert into plays values(46,'John Keating',16594,6246);
insert into plays values(47,'Sarah Svendsen',38218,15320);
insert into plays values(48,'Edward Wilson',35508,9674);
insert into plays values(49,'Todd Anderson',16594,5148);
insert into plays values(50,'énekesnõ',13369,42895);
insert into plays values(51,'Schmidt',20554,20607);
insert into plays values(52,'Don Vito Corleone',9918,14595);
insert into plays values(53,'La cuisinière","the cousin',23782,43761);
insert into plays values(54,'Sylvia',10805,43773);
insert into plays values(55,'Big Jake Norquist',37030,9174);
insert into plays values(56,'Macbeth',33479,2245);
insert into plays values(57,'Narrator (segment \"Sweden: The Yellow Tag\")',38491,45899);
insert into plays values(58,'Fred Flintstone',20113,1475);
insert into plays values(59,'Brown',38075,4049);
insert into plays values(60,'Lucy',60412,12523);
insert into plays values(61,'János Valuska',31419,23058);
insert into plays values(62,'Eva","Rémy''s wife--Mathilde Rémy''s late wife',23782,49115);
insert into plays values(63,'Karrer',16128,23496);
insert into plays values(64,'Will Turner',39410,22239);
insert into plays values(65,'Frank Sachs',22980,10433);
insert into plays values(66,'Feleség',13369,1902);
insert into plays values(67,'György Eszter',31419,50160);
insert into plays values(68,'András',13079,50164);
insert into plays values(69,'Annie Hall',11402,5032);
insert into plays values(70,'Buddy Cole',29822,20125);
insert into plays values(71,'Robyn',60412,6913);
insert into plays values(72,'Knox Overstreet',16594,18323);
insert into plays values(73,'Remo DaVinci',11668,14933);
insert into plays values(74,'Wilma Flintstone","Pebbles Flintstone","Nurse',6604,14883);
insert into plays values(75,'Laci',11753,46047);
insert into plays values(76,'Willarsky","bartender',16128,53825);
insert into plays values(77,'Barbossa',48674,3032);
insert into plays values(78,'Man In The Broad-Cloth Coat',31419,4049);
insert into plays values(79,'Sonny',19181,3286);
insert into plays values(80,'Jack Sparrow',48674,8079);
insert into plays values(81,'Barney Rubble","Dino","Judge',6604,299);
insert into plays values(82,'Bamm-Bamm Rubble","Hoppy","Arnold',6604,12739);
insert into plays values(83,'Gabi, Laci testvére',11753,58699);
insert into plays values(84,'Irimiás',20554,59008);
insert into plays values(85,'Bernhard',48950,59107);
insert into plays values(86,'Jessica King',29822,4334);
insert into plays values(87,'Will Turner',34902,22239);
insert into plays values(88,'Betty Rubble","Additional Voices","Cuckoo',6604,59786);
insert into plays values(89,'Anna',14153,1169);
insert into plays values(90,'Ohlsdorfer',48950,4049);
insert into plays values(91,'Tom Hagen',10521,2);
insert into plays values(92,'Norrington',36947,33910);
insert into plays values(93,'Adam Pedersen',38218,2001);
insert into plays values(94,'Sir Rémy',23782,61556);
insert into plays values(95,'Molly Mahoney',37030,729);
insert into plays values(96,'Allison',11402,3469);
insert into plays values(97,'Claire Ibbetson',54706,7602);
insert into plays values(98,'Petrina',20554,42657);
insert into plays values(99,'Betty Rubble","Nurse","Girl #2',6604,4716);
insert into plays values(100,'Nurse Ratched',10920,21431);
insert into plays values(101,'Lorenzo',19181,15718);
insert into plays values(102,'Miklós',14153,23496);
insert into plays values(103,'Mr. Bickley',11668,9293);
insert into plays values(104,'Simon Bishop',22980,549);
insert into plays values(105,'Annie Wilson',29822,3888);
insert into plays values(106,'Kay',10521,5032);
insert into plays values(107,'Elizabeth Swann',36947,6287);
insert into plays values(108,'Calogero (Age 9)',19181,9143);
insert into plays values(109,'Sam Murach',35508,5674);
insert into plays values(110,'Hédi',14153,9510);
insert into plays values(111,'Sonny',9918,493);
insert into plays values(112,'Donnie Barksdale',29822,999);
insert into plays values(113,'The Singer',16128,74765);
insert into plays values(114,'Mr. Slate","Announcer","Charlie',6604,11815);
insert into plays values(115,'Neil Perry',16594,15085);
insert into plays values(116,'Jack Sparrow',36947,8079);
insert into plays values(117,'Csotesz',13079,75359);
insert into plays values(118,'Mindy McConnell","Mandy',11668,34022);
insert into plays values(119,'Captain Hector Barbossa',39410,3032);
insert into plays values(120,'Barbossa',34902,3032);
insert into plays values(121,'Joe Keegan',37030,78386);
insert into plays values(122,'Connie Corleone Rizzi',17313,8658);
insert into plays values(123,'Will Turner',53855,22239);
insert into plays values(124,'R.P. McMurphy',10920,1940);
insert into plays values(125,'Maloin, az éjszakai váltóõr',38075,7864);
insert into plays values(126,'Bill Sullivan',35508,15718);
insert into plays values(127,'Fred Flintstone","J.L. Gothrocks","Professor Von Messerschmidt',6604,18460);
insert into plays values(128,'Michael Corleone',17313,3785);
insert into plays values(129,'Fred McConnell',11668,37222);
insert into plays values(130,'Narrator (segment \"Sweden: The Yellow Tag\")',38491,84888);
insert into plays values(131,'Miss Stone',20113,5454);
insert into plays values(132,'Horse',48950,88647);
insert into plays values(133,'Simon',60412,29382);
insert into plays values(134,'Maloin felesége',38075,5700);
insert into plays values(135,'Calogero (Age 17)',19181,37814);
insert into plays values(136,'Kay Adams',17313,5032);
insert into plays values(137,'Laci apja',11753,90642);
insert into plays values(138,'Irén',11753,90870);
insert into plays values(139,'Teacher (segment \"Sweden: The Yellow Tag\")',38491,91077);
insert into plays values(140,'(segment \"Sweden: The Yellow Tag\")',38491,91148);
insert into plays values(141,'Kata',13079,91214);
insert into plays values(142,'Lady Macbeth',33479,9205);
insert into plays values(143,'Gunnar',38218,4034);
insert into plays values(144,'Announcer","Dinosaur","Guy #2',6604,9604);
insert into directors values(6246,11668);
insert into directors values(10566,6604);
insert into directors values(12150,11402);
insert into directors values(15024,60412);
insert into directors values(15718,19181);
insert into directors values(15718,35508);
insert into directors values(17908,38491);
insert into directors values(26569,11668);
insert into directors values(27110,10920);
insert into directors values(27542,38491);
insert into directors values(52991,6604);
insert into directors values(71537,11668);
insert into directors values(78386,37030);
insert into directors values(94078,10805);
insert into directors values(94279,9918);
insert into directors values(94279,10521);
insert into directors values(94279,17313);
insert into directors values(95282,38491);
insert into directors values(95560,16594);
insert into directors values(95861,11668);
insert into directors values(95995,11668);
insert into directors values(95996,11668);
insert into directors values(95997,11668);
insert into directors values(95998,11668);
insert into directors values(95999,11668);
insert into directors values(96016,11753);
insert into directors values(96016,13079);
insert into directors values(96016,13369);
insert into directors values(96016,14153);
insert into directors values(96016,16128);
insert into directors values(96016,20554);
insert into directors values(96016,21100);
insert into directors values(96016,25147);
insert into directors values(96016,31419);
insert into directors values(96016,32073);
insert into directors values(96016,33479);
insert into directors values(96016,38075);
insert into directors values(96016,38491);
insert into directors values(96016,48950);
insert into directors values(96016,52808);
insert into directors values(96016,55320);
insert into directors values(96275,23782);
insert into directors values(96625,29822);
insert into directors values(96787,38491);
insert into directors values(96791,38491);
insert into directors values(96804,22980);
insert into directors values(96812,38491);
insert into directors values(97171,54706);
insert into directors values(97518,20113);
insert into directors values(97599,38491);
insert into directors values(99108,38491);
insert into directors values(99164,17954);
insert into directors values(99212,38491);
insert into directors values(100327,38491);
insert into directors values(100576,38491);
insert into directors values(100928,38491);
insert into directors values(100985,38491);
insert into directors values(101410,34902);
insert into directors values(101410,36947);
insert into directors values(101410,39410);
insert into directors values(101664,23782);
insert into directors values(102072,38491);
insert into directors values(102465,38491);
insert into directors values(102609,38491);
insert into directors values(103012,38491);
insert into directors values(103361,38491);
insert into directors values(104520,38218);
insert into directors values(104924,31419);
insert into directors values(104924,38075);
insert into directors values(104924,38491);
insert into directors values(104924,48950);
insert into directors values(104924,55320);
insert into directors values(105184,32073);
insert into directors values(105283,38491);
insert into directors values(106097,38491);
insert into directors values(106758,38491);
insert into directors values(107265,38491);
insert into directors values(107961,48674);
insert into directors values(108432,53855);
insert into directors values(108433,53855);
insert into directors values(108683,38491);
insert into directors values(108684,38491);
insert into genre values(6604,'adventure');
insert into genre values(6604,'animation');
insert into genre values(6604,'comedy');
insert into genre values(9918,'crime');
insert into genre values(9918,'drama');
insert into genre values(10521,'crime');
insert into genre values(10521,'drama');
insert into genre values(10805,'biography');
insert into genre values(10805,'crime');
insert into genre values(10805,'drama');
insert into genre values(10920,'drama');
insert into genre values(11402,'comedy');
insert into genre values(11402,'romance');
insert into genre values(11668,'comedy');
insert into genre values(11668,'family');
insert into genre values(11668,'sci-fi');
insert into genre values(11753,'drama');
insert into genre values(13079,'drama');
insert into genre values(13369,'drama');
insert into genre values(14153,'drama');
insert into genre values(16128,'crime');
insert into genre values(16128,'drama');
insert into genre values(16128,'romance');
insert into genre values(16594,'comedy');
insert into genre values(16594,'drama');
insert into genre values(17313,'crime');
insert into genre values(17313,'drama');
insert into genre values(17954,'documentary');
insert into genre values(19181,'crime');
insert into genre values(19181,'drama');
insert into genre values(20113,'comedy');
insert into genre values(20113,'family');
insert into genre values(20113,'fantasy');
insert into genre values(20554,'drama');
insert into genre values(21100,'short');
insert into genre values(22980,'comedy');
insert into genre values(22980,'drama');
insert into genre values(22980,'romance');
insert into genre values(23782,'adult');
insert into genre values(23782,'drama');
insert into genre values(25147,'short');
insert into genre values(29822,'drama');
insert into genre values(29822,'fantasy');
insert into genre values(29822,'horror');
insert into genre values(31419,'drama');
insert into genre values(31419,'mystery');
insert into genre values(32073,'short');
insert into genre values(33479,'drama');
insert into genre values(34902,'action');
insert into genre values(34902,'adventure');
insert into genre values(34902,'fantasy');
insert into genre values(35508,'drama');
insert into genre values(35508,'history');
insert into genre values(35508,'thriller');
insert into genre values(36947,'action');
insert into genre values(36947,'adventure');
insert into genre values(36947,'fantasy');
insert into genre values(37030,'comedy');
insert into genre values(38075,'crime');
insert into genre values(38075,'drama');
insert into genre values(38075,'mystery');
insert into genre values(38218,'comedy');
insert into genre values(38218,'crime');
insert into genre values(38218,'drama');
insert into genre values(38491,'comedy');
insert into genre values(38491,'drama');
insert into genre values(39410,'action');
insert into genre values(39410,'adventure');
insert into genre values(39410,'fantasy');
insert into genre values(48674,'action');
insert into genre values(48674,'adventure');
insert into genre values(48674,'fantasy');
insert into genre values(48950,'drama');
insert into genre values(52808,'drama');
insert into genre values(52808,'short');
insert into genre values(53855,'action');
insert into genre values(53855,'adventure');
insert into genre values(53855,'fantasy');
insert into genre values(54706,'crime');
insert into genre values(54706,'drama');
insert into genre values(54706,'mystery');
insert into genre values(55320,'short');
insert into genre values(60412,'drama');
insert into genre values(60412,'mystery');
insert into genre values(60412,'thriller');

select setval(pg_get_serial_sequence('actors', 'actor_id'), 110000);
select setval(pg_get_serial_sequence('movies', 'movie_id'), 70000);
select setval(pg_get_serial_sequence('plays', 'role_id'), 150);
