INSERT INTO movies VALUES(1,'Frédi és Béni, avagy a két kőkorszaki szaki','The Flintstones',1960,1966,'tvSeries',0);
INSERT INTO movies VALUES(2,'A keresztapa','The Godfather',1972,NULL,'movie',0);
INSERT INTO movies VALUES(3,'Kánikulai délután','Dog Day Afternoon',1975,NULL,'movie',0);
INSERT INTO movies VALUES(4,'Száll a kakukk fészkére','One Flew Over the Cuckoo''s Nest',1975,NULL,'movie',0);
INSERT INTO movies VALUES(5,'Annie Hall','Annie Hall',1977,NULL,'movie',0);
INSERT INTO movies VALUES(6,'A Flintstone család','The Flintstones',1994,NULL,'movie',0);
INSERT INTO movies VALUES(7,'Lesz ez még így se!','As Good as It Gets',1997,NULL,'movie',0);
INSERT INTO movies VALUES(8,'Rossz álmok','The Gift',2000,NULL,'movie',0);
INSERT INTO movies VALUES(9,'A Karib-tenger kalózai: A Fekete Gyöngy átka','Pirates of the Caribbean: The Curse of the Black Pearl',2003,NULL,'movie',0);
INSERT INTO movies VALUES(10,'A Karib-tenger kalózai: Holtak kincse','Pirates of the Caribbean: Dead Man''s Chest',2006,NULL,'movie',0);
INSERT INTO movies VALUES(11,'A Karib-tenger kalózai: A világ végén','Pirates of the Caribbean: At World''s End',2007,NULL,'movie',0);
INSERT INTO movies VALUES(12,'A Karib-tenger kalózai: Ismeretlen vizeken','Pirates of the Caribbean: On Stranger Tides',2011,NULL,'movie',0);
INSERT INTO movies VALUES(13,'A Karib-tenger kalózai: Salazar bosszúja','Pirates of the Caribbean: Dead Men Tell No Tales',2017,NULL,'movie',0);
INSERT INTO movies VALUES(14,'Senki többet','La migliore offerta',2013,NULL,'movie',0);
INSERT INTO actors VALUES(299,'Mel Blanc',1908,1989);
INSERT INTO actors VALUES(493,'James Caan',1940,NULL);
INSERT INTO actors VALUES(549,'Greg Kinnear',1963,NULL);
INSERT INTO actors VALUES(999,'Keanu Reeves',1964,NULL);
INSERT INTO actors VALUES(1475,'John Goodman',1952,NULL);
INSERT INTO actors VALUES(1940,'Jack Nicholson',1937,NULL);
INSERT INTO actors VALUES(2518,'Penélope Cruz',1974,NULL);
INSERT INTO actors VALUES(2926,'Donald Sutherland',1935,NULL);
INSERT INTO actors VALUES(3,'Geoffrey Rush',1951,NULL);
INSERT INTO actors VALUES(3469,'Carol Kane',1952,NULL);
INSERT INTO actors VALUES(3785,'Al Pacino',1940,NULL);
INSERT INTO actors VALUES(3806,'Ian McShane',1942,NULL);
INSERT INTO actors VALUES(3888,'Cate Blanchett',1969,NULL);
INSERT INTO actors VALUES(4334,'Katie Holmes',1978,NULL);
INSERT INTO actors VALUES(4716,'Bea Benaderet',1906,1968);
INSERT INTO actors VALUES(2,'Diane Keaton',1946,NULL);
INSERT INTO actors VALUES(5154,'Javier Bardem',1969,NULL);
INSERT INTO actors VALUES(5454,'Halle Berry',1966,NULL);
INSERT INTO actors VALUES(6287,'Keira Knightley',1985,NULL);
INSERT INTO actors VALUES(7335,'Jim Sturgess',1978,NULL);
INSERT INTO actors VALUES(7602,'Sylvia Hoeks',1983,NULL);
INSERT INTO actors VALUES(3,'Helen Hunt',1963,NULL);
INSERT INTO actors VALUES(1,'Johnny Depp',1963,NULL);
INSERT INTO actors VALUES(9527,'Rick Moranis',1953,NULL);
INSERT INTO actors VALUES(9604,'Hal Smith',1916,1994);
INSERT INTO actors VALUES(10347,'Rosie O''Donnell',1962,NULL);
INSERT INTO actors VALUES(10433,'Cuba Gooding Jr.',1968,NULL);
INSERT INTO actors VALUES(10566,'William Hanna',1910,2001);
INSERT INTO actors VALUES(11815,'John Stephenson',1923,2015);
INSERT INTO actors VALUES(12150,'Woody Allen',1935,NULL);
INSERT INTO actors VALUES(12739,'Don Messick',1926,1997);
INSERT INTO actors VALUES(14595,'Marlon Brando',1924,2004);
INSERT INTO actors VALUES(14883,'Jean Vander Pyl',1919,1999);
INSERT INTO actors VALUES(18460,'Alan Reed',1907,1977);
INSERT INTO actors VALUES(2,'Giovanni Ribisi',1974,NULL);
INSERT INTO actors VALUES(21431,'Louise Fletcher',1934,NULL);
INSERT INTO actors VALUES(22239,'Orlando Bloom',1977,NULL);
INSERT INTO actors VALUES(25746,'Tony Roberts',1939,NULL);
INSERT INTO actors VALUES(27110,'Milos Forman',1932,2018);
INSERT INTO actors VALUES(27286,'Michael Berryman',1948,NULL);
INSERT INTO actors VALUES(29923,'John Cazale',1935,1978);
INSERT INTO actors VALUES(31945,'Sully Boyar',1923,2001);
INSERT INTO actors VALUES(33910,'Jack Davenport',1973,NULL);
INSERT INTO actors VALUES(40526,'Peter Brocco',1903,1992);
INSERT INTO actors VALUES(43773,'Penelope Allen',NULL,NULL);
INSERT INTO actors VALUES(52991,'Joseph Barbera',1911,2006);
INSERT INTO actors VALUES(59786,'Gerry Johnson',1918,1990);
INSERT INTO actors VALUES(94078,'Sidney Lumet',1924,2011);
INSERT INTO actors VALUES(94279,'Francis Ford Coppola',1939,NULL);
INSERT INTO actors VALUES(96625,'Sam Raimi',1959,NULL);
INSERT INTO actors VALUES(96804,'James L. Brooks',1940,NULL);
INSERT INTO actors VALUES(97171,'Giuseppe Tornatore',1956,NULL);
INSERT INTO actors VALUES(97518,'Brian Levant',1952,NULL);
INSERT INTO actors VALUES(101410,'Gore Verbinski',1964,NULL);
INSERT INTO actors VALUES(107961,'Rob Marshall',1960,NULL);
INSERT INTO actors VALUES(108432,'Joachim Rønning',1972,NULL);
INSERT INTO actors VALUES(108433,'Espen Sandberg',1971,NULL);
INSERT INTO plays VALUES(1,'Jack Sparrow',9,1);
INSERT INTO plays VALUES(100271,'Will Turner',11,22239);
INSERT INTO plays VALUES(100506,'Frank Sachs',7,10433);
INSERT INTO plays VALUES(105218,'Annie Hall',5,2);
INSERT INTO plays VALUES(108415,'Buddy Cole',8,2);
INSERT INTO plays VALUES(112473,'Wilma Flintstone","Pebbles Flintstone","Nurse',1,14883);
INSERT INTO plays VALUES(113895,'Barbossa',12,3);
INSERT INTO plays VALUES(11502,'Barney Rubble',6,9527);
INSERT INTO plays VALUES(121353,'Jack Sparrow',12,1);
INSERT INTO plays VALUES(125207,'Barney Rubble","Dino","Judge',1,299);
INSERT INTO plays VALUES(126035,'Bamm-Bamm Rubble","Hoppy","Arnold',1,12739);
INSERT INTO plays VALUES(129604,'Jessica King',8,4334);
INSERT INTO plays VALUES(129939,'Will Turner',9,22239);
INSERT INTO plays VALUES(131662,'Betty Rubble","Additional Voices","Cuckoo',1,59786);
INSERT INTO plays VALUES(134594,'Norrington',10,33910);
INSERT INTO plays VALUES(142619,'Allison',5,3469);
INSERT INTO plays VALUES(145866,'Claire Ibbetson',14,7602);
INSERT INTO plays VALUES(152418,'Betty Rubble","Nurse","Girl #2',1,4716);
INSERT INTO plays VALUES(153046,'Nurse Ratched',4,21431);
INSERT INTO plays VALUES(162506,'Simon Bishop',7,549);
INSERT INTO plays VALUES(165977,'Annie Wilson',8,3888);
INSERT INTO plays VALUES(173549,'Elizabeth Swann',10,6287);
INSERT INTO plays VALUES(178343,'Sonny',2,493);
INSERT INTO plays VALUES(179313,'Donnie Barksdale',8,999);
INSERT INTO plays VALUES(186417,'Mr. Slate","Announcer","Charlie',1,11815);
INSERT INTO plays VALUES(186758,'Jack Sparrow',10,1);
INSERT INTO plays VALUES(18949,'Elizabeth Swann',9,6287);
INSERT INTO plays VALUES(191505,'Captain Hector Barbossa',11,3);
INSERT INTO plays VALUES(191633,'Barbossa',9,3);
INSERT INTO plays VALUES(19918,'Blackbeard',12,3806);
INSERT INTO plays VALUES(202396,'Will Turner',13,22239);
INSERT INTO plays VALUES(208707,'R.P. McMurphy',4,1940);
INSERT INTO plays VALUES(220002,'Fred Flintstone","J.L. Gothrocks","Professor Von Messerschmidt',1,18460);
INSERT INTO plays VALUES(234627,'Miss Stone',6,5454);
INSERT INTO plays VALUES(25568,'Betty Rubble',6,10347);
INSERT INTO plays VALUES(257330,'Announcer","Dinosaur","Guy #2',1,9604);
INSERT INTO plays VALUES(25740,'Sonny',3,3785);
INSERT INTO plays VALUES(27220,'Alvy Singer',5,12150);
INSERT INTO plays VALUES(27418,'Elizabeth Swann',11,6287);
INSERT INTO plays VALUES(3100,'Billy Whistler',14,2926);
INSERT INTO plays VALUES(31974,'Carol Connelly',7,3);
INSERT INTO plays VALUES(33661,'Will Turner',10,22239);
INSERT INTO plays VALUES(35094,'Angelica',12,2518);
INSERT INTO plays VALUES(35286,'Captain Hector Barbossa',13,3);
INSERT INTO plays VALUES(39743,'Rob',5,25746);
INSERT INTO plays VALUES(40504,'Jack Sparrow',11,1);
INSERT INTO plays VALUES(43053,'Ellis',4,27286);
INSERT INTO plays VALUES(44540,'Melvin Udall',7,1940);
INSERT INTO plays VALUES(48846,'Sal',3,29923);
INSERT INTO plays VALUES(53482,'Mulvaney',3,31945);
INSERT INTO plays VALUES(57159,'Michael',2,3785);
INSERT INTO plays VALUES(57233,'Captain Jack Sparrow',13,1);
INSERT INTO plays VALUES(5744,'Captain Salazar',13,5154);
INSERT INTO plays VALUES(63929,'Kay Adams',2,2);
INSERT INTO plays VALUES(74841,'Col. Matterson',4,40526);
INSERT INTO plays VALUES(7575,'Virgil Oldman',14,3);
INSERT INTO plays VALUES(83246,'Don Vito Corleone',2,14595);
INSERT INTO plays VALUES(83516,'Sylvia',3,43773);
INSERT INTO plays VALUES(8485,'Robert',14,7335);
INSERT INTO plays VALUES(91080,'Fred Flintstone',6,1475);
INSERT INTO directors VALUES(10566,1);
INSERT INTO directors VALUES(12150,5);
INSERT INTO directors VALUES(27110,4);
INSERT INTO directors VALUES(52991,1);
INSERT INTO directors VALUES(94078,3);
INSERT INTO directors VALUES(94279,2);
INSERT INTO directors VALUES(96625,8);
INSERT INTO directors VALUES(96804,7);
INSERT INTO directors VALUES(97171,14);
INSERT INTO directors VALUES(97518,6);
INSERT INTO directors VALUES(101410,9);
INSERT INTO directors VALUES(101410,10);
INSERT INTO directors VALUES(101410,11);
INSERT INTO directors VALUES(107961,12);
INSERT INTO directors VALUES(108432,13);
INSERT INTO directors VALUES(108433,13);
INSERT INTO genre VALUES(1,'adventure');
INSERT INTO genre VALUES(1,'animation');
INSERT INTO genre VALUES(1,'comedy');
INSERT INTO genre VALUES(2,'crime');
INSERT INTO genre VALUES(2,'drama');
INSERT INTO genre VALUES(3,'biography');
INSERT INTO genre VALUES(3,'crime');
INSERT INTO genre VALUES(3,'drama');
INSERT INTO genre VALUES(4,'drama');
INSERT INTO genre VALUES(5,'comedy');
INSERT INTO genre VALUES(5,'romance');
INSERT INTO genre VALUES(6,'comedy');
INSERT INTO genre VALUES(6,'family');
INSERT INTO genre VALUES(6,'fantasy');
INSERT INTO genre VALUES(7,'comedy');
INSERT INTO genre VALUES(7,'drama');
INSERT INTO genre VALUES(7,'romance');
INSERT INTO genre VALUES(8,'drama');
INSERT INTO genre VALUES(8,'fantasy');
INSERT INTO genre VALUES(8,'horror');
INSERT INTO genre VALUES(9,'action');
INSERT INTO genre VALUES(9,'adventure');
INSERT INTO genre VALUES(9,'fantasy');
INSERT INTO genre VALUES(10,'action');
INSERT INTO genre VALUES(10,'adventure');
INSERT INTO genre VALUES(10,'fantasy');
INSERT INTO genre VALUES(11,'action');
INSERT INTO genre VALUES(11,'adventure');
INSERT INTO genre VALUES(11,'fantasy');
INSERT INTO genre VALUES(12,'action');
INSERT INTO genre VALUES(12,'adventure');
INSERT INTO genre VALUES(12,'fantasy');
INSERT INTO genre VALUES(13,'action');
INSERT INTO genre VALUES(13,'adventure');
INSERT INTO genre VALUES(13,'fantasy');
INSERT INTO genre VALUES(14,'crime');
INSERT INTO genre VALUES(14,'drama');
INSERT INTO genre VALUES(14,'mystery');

INSERT INTO photos(url, movie_id, actor_id, role_id)
  VALUES('https://www.imdb.com/title/tt1298650/mediaviewer/rm2422913792/', 1, 1, 1);
INSERT INTO photos(url, movie_id, actor_id, role_id)
  VALUES('http://101kiskutya', 1, null, null);
INSERT INTO photos(url, movie_id, actor_id, role_id)
  VALUES('https://dumbo', null, null, null);