INSERT INTO movies VALUES(6604,'Frédi és Béni, avagy a két kőkorszaki szaki','The Flintstones',1960,1966,'tvSeries',false,'tt0053502');
INSERT INTO movies VALUES(9878,'Mély torok','Deep Throat',1972,NULL,'movie',true,'tt0068468');
INSERT INTO movies VALUES(9918,'A keresztapa','The Godfather',1972,NULL,'movie',false,'tt0068646');
INSERT INTO movies VALUES(10521,'A keresztapa II','The Godfather Part II',1974,NULL,'movie',false,'tt0071562');
INSERT INTO movies VALUES(10805,'Kánikulai délután','Dog Day Afternoon',1975,NULL,'movie',false,'tt0072890');
INSERT INTO movies VALUES(11402,'Annie Hall','Annie Hall',1977,NULL,'movie',false,'tt0075686');
INSERT INTO movies VALUES(16594,'Holt költők társasága','Dead Poets Society',1989,NULL,'movie',false,'tt0097165');
INSERT INTO movies VALUES(17313,'A keresztapa III.','The Godfather Part III',1990,NULL,'movie',false,'tt0099674');
INSERT INTO movies VALUES(17954,'A Keresztapa családja','The Godfather Family: A Look Inside',1990,NULL,'tvMovie',false,'tt0101961');
INSERT INTO movies VALUES(20113,'A Flintstone család','The Flintstones',1994,NULL,'movie',false,'tt0109813');
INSERT INTO movies VALUES(22980,'Lesz ez még így se!','As Good as It Gets',1997,NULL,'movie',false,'tt0119822');
INSERT INTO movies VALUES(23055,'Senki többet','Rien ne va plus',1997,NULL,'movie',false,'tt0120018');
INSERT INTO movies VALUES(29822,'Rossz álmok','The Gift',2000,NULL,'movie',false,'tt0219699');
INSERT INTO movies VALUES(34902,'A Karib-tenger kalózai: A Fekete Gyöngy átka','Pirates of the Caribbean: The Curse of the Black Pearl',2003,NULL,'movie',false,'tt0325980');
INSERT INTO movies VALUES(36947,'A Karib-tenger kalózai: Holtak kincse','Pirates of the Caribbean: Dead Man''s Chest',2006,NULL,'movie',false,'tt0383574');
INSERT INTO movies VALUES(37030,'Állj ki a szerelemért','The Godfather of Green Bay',2005,NULL,'movie',false,'tt0385727');
INSERT INTO movies VALUES(38218,'Ádám almái','Adams æbler',2005,NULL,'movie',false,'tt0418455');
INSERT INTO movies VALUES(39410,'A Karib-tenger kalózai: A világ végén','Pirates of the Caribbean: At World''s End',2007,NULL,'movie',false,'tt0449088');
INSERT INTO movies VALUES(48674,'A Karib-tenger kalózai: Ismeretlen vizeken','Pirates of the Caribbean: On Stranger Tides',2011,NULL,'movie',false,'tt1298650');
INSERT INTO movies VALUES(53855,'A Karib-tenger kalózai: Salazar bosszúja','Pirates of the Caribbean: Dead Men Tell No Tales',2017,NULL,'movie',false,'tt1790809');
INSERT INTO movies VALUES(54706,'Senki többet','La migliore offerta',2013,NULL,'movie',false,'tt1924396');
INSERT INTO movies VALUES(60412,'Az ajándék','The Gift',2015,NULL,'movie',false,'tt4178092');
INSERT INTO movies VALUES(65679,'Senki többet','The Price of Everything',2018,NULL,'movie',false,'tt7475540');
INSERT INTO movies VALUES(11668,'Egy úr az űrből','Mork & Mindy',1978,1982,'tvSeries',false,'tt0077053');
INSERT INTO movies VALUES(11753,'Családi tűzfészek','Családi tüzfészek',1979,NULL,'movie',false,'tt0077383');
INSERT INTO movies VALUES(13079,'Szabadgyalog','Szabadgyalog',1981,NULL,'movie',false,'tt0083151');
INSERT INTO movies VALUES(13369,'Panelkapcsolat','Panelkapcsolat',1982,NULL,'movie',false,'tt0084465');
INSERT INTO movies VALUES(14153,'Őszi almanach','Öszi almanach',1984,NULL,'movie',false,'tt0087855');
INSERT INTO movies VALUES(16128,'Kárhozat','Kárhozat',1988,NULL,'movie',false,'tt0095475');
INSERT INTO movies VALUES(20554,'Sátántangó','Sátántangó',1994,NULL,'movie',false,'tt0111341');
INSERT INTO movies VALUES(21100,'Utazás az Alföldön','Utazás az Alföldön',1995,NULL,'short',false,'tt0113491');
INSERT INTO movies VALUES(25147,'Hotel Magnezit','Hotel Magnezit',1978,NULL,'short',false,'tt0144976');
INSERT INTO movies VALUES(31419,'Werckmeister harmóniák','Werckmeister harmóniák',2000,NULL,'movie',false,'tt0249241');
INSERT INTO movies VALUES(32073,'The last Boat - CITY LIFE - Budapest','The last Boat - CITY LIFE - Budapest',1990,NULL,'short',false,'tt0264139');
INSERT INTO movies VALUES(33479,'Macbeth','Macbeth',1983,NULL,'tvMovie',false,'tt0292081');
INSERT INTO movies VALUES(38075,'A londoni férfi','A londoni férfi',2007,NULL,'movie',false,'tt0415127');
INSERT INTO movies VALUES(38491,'Európa-képek','Visions of Europe',2004,NULL,'movie',false,'tt0425624');
INSERT INTO movies VALUES(48950,'A torinói ló','A torinói ló',2011,NULL,'movie',false,'tt1316540');
INSERT INTO movies VALUES(52808,'Cinemarxisme','Cinemarxisme',1979,NULL,'short',false,'tt16440574');
INSERT INTO movies VALUES(55320,'Prologue','Prologue',2004,NULL,'short',false,'tt20564340');
INSERT INTO movies VALUES(19181,'Bronxi mese','A Bronx Tale',1993,NULL,'movie',false,'tt0106489');
INSERT INTO movies VALUES(35508,'Az ügynökség','The Good Shepherd',2006,NULL,'movie',false,'tt0343737');
INSERT INTO actors VALUES(2,'Robert Duvall',1931,NULL,'nm0000380');
INSERT INTO actors VALUES(44,'Róbert Koltai',1943,NULL,'nm0464417');
INSERT INTO actors VALUES(299,'Mel Blanc',1908,1989,'nm0000305');
INSERT INTO actors VALUES(493,'James Caan',1940,NULL,'nm0001001');
INSERT INTO actors VALUES(549,'Greg Kinnear',1963,NULL,'nm0001427');
INSERT INTO actors VALUES(729,'Lauren Holly',1963,NULL,'nm0000452');
INSERT INTO actors VALUES(831,'Mads Mikkelsen',1965,NULL,'nm0586568');
INSERT INTO actors VALUES(935,'Hanna Schygulla',1943,NULL,'nm0778016');
INSERT INTO actors VALUES(999,'Keanu Reeves',1964,NULL,'nm0000206');
INSERT INTO actors VALUES(1169,'Erika Bodnár',1948,NULL,'nm0091038');
INSERT INTO actors VALUES(1475,'John Goodman',1952,NULL,'nm0000422');
INSERT INTO actors VALUES(1480,'Andy Garcia',1956,NULL,'nm0000412');
INSERT INTO actors VALUES(1485,'Michel Serrault',1928,2007,'nm0785664');
INSERT INTO actors VALUES(1902,'Judit Pogány',1944,NULL,'nm0688292');
INSERT INTO actors VALUES(1940,'Jack Nicholson',1937,NULL,'nm0000197');
INSERT INTO actors VALUES(2001,'Ulrich Thomsen',1963,NULL,'nm0860947');
INSERT INTO actors VALUES(2245,'György Cserhalmi',1948,NULL,'nm0190691');
INSERT INTO actors VALUES(2518,'Penélope Cruz',1974,NULL,'nm0004851');
INSERT INTO actors VALUES(2926,'Donald Sutherland',1935,NULL,'nm0000661');
INSERT INTO actors VALUES(3032,'Geoffrey Rush',1951,NULL,'nm0001691');
INSERT INTO actors VALUES(3265,'Isabelle Huppert',1953,NULL,'nm0001376');
INSERT INTO actors VALUES(3286,'Chazz Palminteri',1952,NULL,'nm0001590');
INSERT INTO actors VALUES(3469,'Carol Kane',1952,NULL,'nm0001406');
INSERT INTO actors VALUES(3785,'Al Pacino',1940,NULL,'nm0000199');
INSERT INTO actors VALUES(3806,'Ian McShane',1942,NULL,'nm0574534');
INSERT INTO actors VALUES(3888,'Cate Blanchett',1969,NULL,'nm0000949');
INSERT INTO actors VALUES(4034,'Nicolas Bro',1972,NULL,'nm0110334');
INSERT INTO actors VALUES(4049,'János Derzsi',1954,NULL,'nm0220729');
INSERT INTO actors VALUES(4334,'Katie Holmes',1978,NULL,'nm0005017');
INSERT INTO actors VALUES(4716,'Bea Benaderet',1906,1968,'nm0070153');
INSERT INTO actors VALUES(5032,'Diane Keaton',1946,NULL,'nm0000473');
INSERT INTO actors VALUES(5148,'Ethan Hawke',1970,NULL,'nm0000160');
INSERT INTO actors VALUES(5154,'Javier Bardem',1969,NULL,'nm0000849');
INSERT INTO actors VALUES(5454,'Halle Berry',1966,NULL,'nm0000932');
INSERT INTO actors VALUES(5674,'Alec Baldwin',1958,NULL,'nm0000285');
INSERT INTO actors VALUES(5700,'Tilda Swinton',1960,NULL,'nm0842770');
INSERT INTO actors VALUES(6246,'Robin Williams',1951,2014,'nm0000245');
INSERT INTO actors VALUES(6287,'Keira Knightley',1985,NULL,'nm0461136');
INSERT INTO actors VALUES(6913,'Rebecca Hall',1982,NULL,'nm0356017');
INSERT INTO actors VALUES(7036,'François Cluzet',1955,NULL,'nm0167388');
INSERT INTO actors VALUES(7335,'Jim Sturgess',1978,NULL,'nm0836343');
INSERT INTO actors VALUES(7602,'Sylvia Hoeks',1983,NULL,'nm1679778');
INSERT INTO actors VALUES(7827,'Helen Hunt',1963,NULL,'nm0000166');
INSERT INTO actors VALUES(7864,'Miroslav Krobot',1951,NULL,'nm1716909');
INSERT INTO actors VALUES(8078,'Angelina Jolie',1975,NULL,'nm0001401');
INSERT INTO actors VALUES(8079,'Johnny Depp',1963,NULL,'nm0000136');
INSERT INTO actors VALUES(8658,'Talia Shire',1946,NULL,'nm0001735');
INSERT INTO actors VALUES(9143,'Francis Capra',1983,NULL,'nm0135584');
INSERT INTO actors VALUES(9174,'Tony Goldwyn',1960,NULL,'nm0001282');
INSERT INTO actors VALUES(9205,'Erzsébet Kútvölgyi',1950,NULL,'nm0478078');
INSERT INTO actors VALUES(9293,'Tom Poston',1921,2007,'nm0692976');
INSERT INTO actors VALUES(9510,'Hédi Temessy',1925,2001,'nm0854590');
INSERT INTO actors VALUES(9527,'Rick Moranis',1953,NULL,'nm0001548');
INSERT INTO actors VALUES(9604,'Hal Smith',1916,1994,'nm0808401');
INSERT INTO actors VALUES(9674,'Matt Damon',1970,NULL,'nm0000354');
INSERT INTO actors VALUES(10347,'Rosie O''Donnell',1962,NULL,'nm0005280');
INSERT INTO actors VALUES(10433,'Cuba Gooding Jr.',1968,NULL,'nm0000421');
INSERT INTO actors VALUES(10566,'William Hanna',1910,2001,'nm0360253');
INSERT INTO actors VALUES(11815,'John Stephenson',1923,2015,'nm0827267');
INSERT INTO actors VALUES(12005,'Linda Lovelace',1949,2002,'nm0001483');
INSERT INTO actors VALUES(12150,'Woody Allen',1935,NULL,'nm0000095');
INSERT INTO actors VALUES(12412,'Jean-François Balmer',1946,NULL,'nm0050983');
INSERT INTO actors VALUES(12523,'Allison Tolman',1981,NULL,'nm2798112');
INSERT INTO actors VALUES(12657,'Erika Bók',NULL,NULL,'nm0126969');
INSERT INTO actors VALUES(12739,'Don Messick',1926,1997,'nm0582106');
INSERT INTO actors VALUES(14595,'Marlon Brando',1924,2004,'nm0000008');
INSERT INTO actors VALUES(14883,'Jean Vander Pyl',1919,1999,'nm0888717');
INSERT INTO actors VALUES(14933,'Jay Thomas',1948,2017,'nm0858988');
INSERT INTO actors VALUES(15024,'Joel Edgerton',1974,NULL,'nm0249291');
INSERT INTO actors VALUES(15085,'Robert Sean Leonard',1969,NULL,'nm0000494');
INSERT INTO actors VALUES(15320,'Paprika Steen',1964,NULL,'nm0824785');
INSERT INTO actors VALUES(15718,'Robert De Niro',1943,NULL,'nm0000134');
INSERT INTO actors VALUES(16970,'Pál Hetényi',1935,1994,'nm0381806');
INSERT INTO actors VALUES(17008,'Ralph James',1924,1992,'nm0416850');
INSERT INTO actors VALUES(17908,'Arvo Iho',1949,NULL,'nm0407313');
INSERT INTO actors VALUES(18323,'Josh Charles',1971,NULL,'nm0001038');
INSERT INTO actors VALUES(18460,'Alan Reed',1907,1977,'nm0715284');
INSERT INTO actors VALUES(20125,'Giovanni Ribisi',1974,NULL,'nm0000610');
INSERT INTO actors VALUES(20261,'Gina Hecht',1952,NULL,'nm0372958');
INSERT INTO actors VALUES(20607,'László feLugossy',1947,NULL,'nm0269841');
INSERT INTO actors VALUES(22239,'Orlando Bloom',1977,NULL,'nm0089217');
INSERT INTO actors VALUES(23058,'Lars Rudolph',1966,NULL,'nm0748964');
INSERT INTO actors VALUES(23145,'Éva Almássy Albert',1948,NULL,'nm0022034');
INSERT INTO actors VALUES(23496,'Miklós Székely B.',1948,NULL,'nm0844462');
INSERT INTO actors VALUES(25746,'Tony Roberts',1939,NULL,'nm0731634');
INSERT INTO actors VALUES(26569,'Garry Marshall',1934,2016,'nm0005190');
INSERT INTO actors VALUES(27542,'Peter Greenaway',1942,NULL,'nm0000425');
INSERT INTO actors VALUES(29382,'Jason Bateman',1969,NULL,'nm0000867');
INSERT INTO actors VALUES(29439,'Carol Connors',1952,NULL,'nm0175485');
INSERT INTO actors VALUES(29923,'John Cazale',1935,1978,'nm0001030');
INSERT INTO actors VALUES(31945,'Sully Boyar',1923,2001,'nm0101604');
INSERT INTO actors VALUES(33910,'Jack Davenport',1973,NULL,'nm0202603');
INSERT INTO actors VALUES(34022,'Pam Dawber',1951,NULL,'nm0001118');
INSERT INTO actors VALUES(37222,'Conrad Janis',1928,2022,'nm0417641');
INSERT INTO actors VALUES(37814,'Lillo Brancato',1976,NULL,'nm0000969');
INSERT INTO actors VALUES(38165,'Harry Reems',1947,2013,'nm0715857');
INSERT INTO actors VALUES(38723,'Claude Chabrol',1930,2010,'nm0001031');
INSERT INTO actors VALUES(39690,'Jimmy Pardo',NULL,NULL,'nm1107058');
INSERT INTO actors VALUES(40396,'István Balla',NULL,NULL,'nm10438749');
INSERT INTO actors VALUES(42657,'Putyi Horváth',1953,NULL,'nm0395814');
INSERT INTO actors VALUES(42895,'Kyri Ambrus',1945,2021,'nm1215738');
INSERT INTO actors VALUES(43773,'Penelope Allen',NULL,NULL,'nm0020897');
INSERT INTO actors VALUES(45899,'Alan Rees',NULL,NULL,'nm1741362');
INSERT INTO actors VALUES(46047,'László Horváth',1943,1988,'nm0395808');
INSERT INTO actors VALUES(47638,'William Love',NULL,NULL,'nm0522442');
INSERT INTO actors VALUES(50160,'Peter Fitz',1931,2013,'nm0280132');
INSERT INTO actors VALUES(50164,'András Szabó',NULL,NULL,'nm0843615');
INSERT INTO actors VALUES(52991,'Joseph Barbera',1911,2006,'nm0053484');
INSERT INTO actors VALUES(53825,'Gyula Pauer',1941,2012,'nm0666718');
INSERT INTO actors VALUES(54886,'Ronnie Shark',1947,1991,'nm0365496');
INSERT INTO actors VALUES(56266,'Helen Wood',1935,1998,'nm2695124');
INSERT INTO actors VALUES(58699,'Gábor Ifj. Kun',NULL,NULL,'nm0478072');
INSERT INTO actors VALUES(59008,'Mihály Vig',1957,NULL,'nm0896902');
INSERT INTO actors VALUES(59107,'Mihály Kormos',NULL,NULL,'nm0466345');
INSERT INTO actors VALUES(59786,'Gerry Johnson',1918,1990,'nm0425144');
INSERT INTO actors VALUES(71537,'Frank Buxton',1930,2018,'nm0125518');
INSERT INTO actors VALUES(74765,'Vali Kerekes',1953,NULL,'nm0449274');
INSERT INTO actors VALUES(75359,'Imre Donkó',NULL,NULL,'nm0232566');
INSERT INTO actors VALUES(77441,'Bob Phillips',NULL,NULL,'nm0680257');
INSERT INTO actors VALUES(78386,'Pete Schwaba',NULL,NULL,'nm1046710');
INSERT INTO actors VALUES(84888,'Agneta Ulfsäter-Troell',1941,NULL,'nm1717857');
INSERT INTO actors VALUES(88647,'Ricsi',NULL,NULL,'nm4277690');
INSERT INTO actors VALUES(90642,'Gábor Kun',NULL,NULL,'nm0478071');
INSERT INTO actors VALUES(90870,'Irén Szajki',NULL,NULL,'nm0395756');
INSERT INTO actors VALUES(91077,'Yohanna Troell',1983,NULL,'nm1170101');
INSERT INTO actors VALUES(91148,'Johan Arnesson',NULL,NULL,'nm11698528');
INSERT INTO actors VALUES(91214,'Jolan Fodor',NULL,NULL,'nm0283778');
INSERT INTO actors VALUES(94078,'Sidney Lumet',1924,2011,'nm0001486');
INSERT INTO actors VALUES(94279,'Francis Ford Coppola',1939,NULL,'nm0000338');
INSERT INTO actors VALUES(95282,'Jan Troell',1931,NULL,'nm0873296');
INSERT INTO actors VALUES(95342,'Gerard Damiano',1928,2008,'nm0198790');
INSERT INTO actors VALUES(95560,'Peter Weir',1944,NULL,'nm0001837');
INSERT INTO actors VALUES(95861,'Bob Claver',1928,2017,'nm0165418');
INSERT INTO actors VALUES(95995,'Howard Storm',1931,NULL,'nm0832573');
INSERT INTO actors VALUES(95996,'Jeff Chambers',NULL,NULL,'nm0150349');
INSERT INTO actors VALUES(95997,'Joel Zwick',1942,NULL,'nm0959034');
INSERT INTO actors VALUES(95998,'Harvey Medlinsky',NULL,NULL,'nm0575847');
INSERT INTO actors VALUES(95999,'Don Barnhart',NULL,2016,'nm0056054');
INSERT INTO actors VALUES(96016,'Béla Tarr',1955,NULL,'nm0850601');
INSERT INTO actors VALUES(96625,'Sam Raimi',1959,NULL,'nm0000600');
INSERT INTO actors VALUES(96787,'Tony Gatlif',1948,NULL,'nm0309697');
INSERT INTO actors VALUES(96791,'Aki Kaurismäki',1957,NULL,'nm0442454');
INSERT INTO actors VALUES(96804,'James L. Brooks',1940,NULL,'nm0000985');
INSERT INTO actors VALUES(96812,'Miguel Hermoso',1942,NULL,'nm0379449');
INSERT INTO actors VALUES(97171,'Giuseppe Tornatore',1956,NULL,'nm0868153');
INSERT INTO actors VALUES(97518,'Brian Levant',1952,NULL,'nm0505152');
INSERT INTO actors VALUES(97599,'Stijn Coninx',1957,NULL,'nm0174659');
INSERT INTO actors VALUES(99108,'Francesca Comencini',1961,NULL,'nm0173726');
INSERT INTO actors VALUES(99164,'Jeff Werner',NULL,NULL,'nm0921417');
INSERT INTO actors VALUES(99212,'Martin Sulík',1962,NULL,'nm0838499');
INSERT INTO actors VALUES(100327,'Teresa Villaverde',1966,NULL,'nm0898177');
INSERT INTO actors VALUES(100576,'Sasa Gedeon',1970,NULL,'nm0311485');
INSERT INTO actors VALUES(100928,'Theo van Gogh',1957,2004,'nm0324660');
INSERT INTO actors VALUES(100985,'Sharunas Bartas',1964,NULL,'nm0058401');
INSERT INTO actors VALUES(101410,'Gore Verbinski',1964,NULL,'nm0893659');
INSERT INTO actors VALUES(102072,'Barbara Albert',1970,NULL,'nm0016475');
INSERT INTO actors VALUES(102465,'Laila Pakalnina',1962,NULL,'nm0657084');
INSERT INTO actors VALUES(102609,'Fatih Akin',1973,NULL,'nm0015359');
INSERT INTO actors VALUES(103012,'Andy Bausch',1959,NULL,'nm0062463');
INSERT INTO actors VALUES(103361,'Constantine Giannaris',1959,NULL,'nm0316230');
INSERT INTO actors VALUES(104520,'Anders Thomas Jensen',1972,NULL,'nm0421314');
INSERT INTO actors VALUES(104924,'Ágnes Hranitzky',1945,NULL,'nm0398555');
INSERT INTO actors VALUES(105184,'János Hollós',1959,NULL,'nm1001056');
INSERT INTO actors VALUES(105283,'Malgorzata Szumowska',1973,NULL,'nm0844333');
INSERT INTO actors VALUES(106097,'Aisling Walsh',1958,NULL,'nm0909532');
INSERT INTO actors VALUES(106758,'Damjan Kozole',1964,NULL,'nm0468995');
INSERT INTO actors VALUES(107265,'Christoffer Boe',1974,NULL,'nm1061993');
INSERT INTO actors VALUES(107961,'Rob Marshall',1960,NULL,'nm0551128');
INSERT INTO actors VALUES(108432,'Joachim Rønning',1972,NULL,'nm1461392');
INSERT INTO actors VALUES(108433,'Espen Sandberg',1971,NULL,'nm1650283');
INSERT INTO actors VALUES(108683,'Christos Georgiou',1966,NULL,'nm0313788');
INSERT INTO actors VALUES(108684,'Kenneth Scicluna',1975,NULL,'nm0778450');
INSERT INTO actors VALUES(122364,'Nathaniel Kahn',1962,NULL,'nm0434896');
INSERT INTO plays VALUES(3100,'Billy Whistler',54706,2926);
INSERT INTO plays VALUES(5744,'Captain Salazar',53855,5154);
INSERT INTO plays VALUES(7575,'Virgil Oldman',54706,3032);
INSERT INTO plays VALUES(8485,'Robert',54706,7335);
INSERT INTO plays VALUES(9201,'Sebestyén","singer''s husband',16128,2245);
INSERT INTO plays VALUES(11502,'Barney Rubble',20113,9527);
INSERT INTO plays VALUES(15153,'Linda Lovelace',9878,12005);
INSERT INTO plays VALUES(16170,'Ohlsdorfer''s daughter',48950,12657);
INSERT INTO plays VALUES(16226,'Mork","Self',11668,6246);
INSERT INTO plays VALUES(18949,'Elizabeth Swann',34902,6287);
INSERT INTO plays VALUES(19910,'Gordo',60412,15024);
INSERT INTO plays VALUES(19918,'Blackbeard',48674,3806);
INSERT INTO plays VALUES(23234,'Orson',11668,17008);
INSERT INTO plays VALUES(25536,'Vito Corleone',10521,15718);
INSERT INTO plays VALUES(25568,'Betty Rubble',20113,10347);
INSERT INTO plays VALUES(25740,'Sonny',10805,3785);
INSERT INTO plays VALUES(25799,'Maurice Biagini',23055,7036);
INSERT INTO plays VALUES(26220,'Monsieur K',23055,12412);
INSERT INTO plays VALUES(27220,'Alvy Singer',11402,12150);
INSERT INTO plays VALUES(27418,'Elizabeth Swann',39410,6287);
INSERT INTO plays VALUES(31974,'Carol Connelly',22980,7827);
INSERT INTO plays VALUES(32152,'Jack Sparrow',34902,8079);
INSERT INTO plays VALUES(32613,'Tünde Eszter',31419,935);
INSERT INTO plays VALUES(32722,'Elizabeth","Betty',23055,3265);
INSERT INTO plays VALUES(33661,'Will Turner',36947,22239);
INSERT INTO plays VALUES(34490,'Schmidtné',20554,23145);
INSERT INTO plays VALUES(35094,'Angelica',48674,2518);
INSERT INTO plays VALUES(35286,'Captain Hector Barbossa',53855,3032);
INSERT INTO plays VALUES(35646,'Vincent Mancini',17313,1480);
INSERT INTO plays VALUES(37117,'Jean DaVinci',11668,20261);
INSERT INTO plays VALUES(39743,'Rob',11402,25746);
INSERT INTO plays VALUES(40504,'Jack Sparrow',39410,8079);
INSERT INTO plays VALUES(41899,'Férj',13369,44);
INSERT INTO plays VALUES(44540,'Melvin Udall',22980,1940);
INSERT INTO plays VALUES(47737,'The Nurse',9878,29439);
INSERT INTO plays VALUES(48846,'Sal',10805,29923);
INSERT INTO plays VALUES(51000,'Michael',10521,3785);
INSERT INTO plays VALUES(53482,'Mulvaney',10805,31945);
INSERT INTO plays VALUES(57137,'Henriette',38075,12657);
INSERT INTO plays VALUES(57159,'Michael',9918,3785);
INSERT INTO plays VALUES(57233,'Captain Jack Sparrow',53855,8079);
INSERT INTO plays VALUES(62638,'Victor',23055,1485);
INSERT INTO plays VALUES(63929,'Kay Adams',9918,5032);
INSERT INTO plays VALUES(68139,'Margaret ''Clover'' Russell',35508,8078);
INSERT INTO plays VALUES(68662,'Dr. Young',9878,38165);
INSERT INTO plays VALUES(70413,'Ivan',38218,831);
INSERT INTO plays VALUES(72625,'Higgins',37030,39690);
INSERT INTO plays VALUES(73162,'Tibor, a tanár úr',14153,16970);
INSERT INTO plays VALUES(74502,'Balázs',13079,40396);
INSERT INTO plays VALUES(76251,'John Keating',16594,6246);
INSERT INTO plays VALUES(76435,'Sarah Svendsen',38218,15320);
INSERT INTO plays VALUES(79164,'Edward Wilson',35508,9674);
INSERT INTO plays VALUES(79656,'Todd Anderson',16594,5148);
INSERT INTO plays VALUES(81138,'énekesnõ',13369,42895);
INSERT INTO plays VALUES(81251,'Schmidt',20554,20607);
INSERT INTO plays VALUES(83246,'Don Vito Corleone',9918,14595);
INSERT INTO plays VALUES(83516,'Sylvia',10805,43773);
INSERT INTO plays VALUES(89316,'Big Jake Norquist',37030,9174);
INSERT INTO plays VALUES(89368,'Macbeth',33479,2245);
INSERT INTO plays VALUES(89465,'Narrator (segment \"Sweden: The Yellow Tag\")',38491,45899);
INSERT INTO plays VALUES(91080,'Fred Flintstone',20113,1475);
INSERT INTO plays VALUES(93982,'Brown',38075,4049);
INSERT INTO plays VALUES(94282,'Wilber Wang',9878,47638);
INSERT INTO plays VALUES(97931,'Lucy',60412,12523);
INSERT INTO plays VALUES(97958,'János Valuska',31419,23058);
INSERT INTO plays VALUES(99767,'Karrer',16128,23496);
INSERT INTO plays VALUES(100271,'Will Turner',39410,22239);
INSERT INTO plays VALUES(100506,'Frank Sachs',22980,10433);
INSERT INTO plays VALUES(101718,'Feleség',13369,1902);
INSERT INTO plays VALUES(101834,'György Eszter',31419,50160);
INSERT INTO plays VALUES(101847,'András',13079,50164);
INSERT INTO plays VALUES(105218,'Annie Hall',11402,5032);
INSERT INTO plays VALUES(108415,'Buddy Cole',29822,20125);
INSERT INTO plays VALUES(108905,'Robyn',60412,6913);
INSERT INTO plays VALUES(108959,'Knox Overstreet',16594,18323);
INSERT INTO plays VALUES(111462,'Remo DaVinci',11668,14933);
INSERT INTO plays VALUES(112473,'Wilma Flintstone","Pebbles Flintstone","Nurse',6604,14883);
INSERT INTO plays VALUES(112846,'Laci',11753,46047);
INSERT INTO plays VALUES(113050,'Willarsky","bartender',16128,53825);
INSERT INTO plays VALUES(113895,'Barbossa',48674,3032);
INSERT INTO plays VALUES(116233,'Mr. Maltz',9878,54886);
INSERT INTO plays VALUES(116939,'Man In The Broad-Cloth Coat',31419,4049);
INSERT INTO plays VALUES(120590,'Helen',9878,56266);
INSERT INTO plays VALUES(120852,'Sonny',19181,3286);
INSERT INTO plays VALUES(121353,'Jack Sparrow',48674,8079);
INSERT INTO plays VALUES(125207,'Barney Rubble","Dino","Judge',6604,299);
INSERT INTO plays VALUES(126035,'Bamm-Bamm Rubble","Hoppy","Arnold',6604,12739);
INSERT INTO plays VALUES(128279,'Gabi, Laci testvére',11753,58699);
INSERT INTO plays VALUES(129199,'Irimiás',20554,59008);
INSERT INTO plays VALUES(129511,'Bernhard',48950,59107);
INSERT INTO plays VALUES(129604,'Jessica King',29822,4334);
INSERT INTO plays VALUES(129939,'Will Turner',34902,22239);
INSERT INTO plays VALUES(131662,'Betty Rubble","Additional Voices","Cuckoo',6604,59786);
INSERT INTO plays VALUES(132624,'Anna',14153,1169);
INSERT INTO plays VALUES(134362,'Ohlsdorfer',48950,4049);
INSERT INTO plays VALUES(134493,'Tom Hagen',10521,2);
INSERT INTO plays VALUES(134594,'Norrington',36947,33910);
INSERT INTO plays VALUES(137539,'Adam Pedersen',38218,2001);
INSERT INTO plays VALUES(141145,'Molly Mahoney',37030,729);
INSERT INTO plays VALUES(142619,'Allison',11402,3469);
INSERT INTO plays VALUES(145866,'Claire Ibbetson',54706,7602);
INSERT INTO plays VALUES(148066,'Petrina',20554,42657);
INSERT INTO plays VALUES(152418,'Betty Rubble","Nurse","Girl #2',6604,4716);
INSERT INTO plays VALUES(154002,'Lorenzo',19181,15718);
INSERT INTO plays VALUES(154185,'Miklós',14153,23496);
INSERT INTO plays VALUES(155184,'Mr. Bickley',11668,9293);
INSERT INTO plays VALUES(162506,'Simon Bishop',22980,549);
INSERT INTO plays VALUES(165977,'Annie Wilson',29822,3888);
INSERT INTO plays VALUES(166581,'Kay',10521,5032);
INSERT INTO plays VALUES(173549,'Elizabeth Swann',36947,6287);
INSERT INTO plays VALUES(174616,'Calogero (Age 9)',19181,9143);
INSERT INTO plays VALUES(176389,'Sam Murach',35508,5674);
INSERT INTO plays VALUES(177172,'Hédi',14153,9510);
INSERT INTO plays VALUES(178343,'Sonny',9918,493);
INSERT INTO plays VALUES(179313,'Donnie Barksdale',29822,999);
INSERT INTO plays VALUES(184520,'The Singer',16128,74765);
INSERT INTO plays VALUES(186417,'Mr. Slate","Announcer","Charlie',6604,11815);
INSERT INTO plays VALUES(186664,'Neil Perry',16594,15085);
INSERT INTO plays VALUES(186758,'Jack Sparrow',36947,8079);
INSERT INTO plays VALUES(186801,'Csotesz',13079,75359);
INSERT INTO plays VALUES(188202,'Mindy McConnell","Mandy',11668,34022);
INSERT INTO plays VALUES(191505,'Captain Hector Barbossa',39410,3032);
INSERT INTO plays VALUES(191633,'Barbossa',34902,3032);
INSERT INTO plays VALUES(194902,'Mr. Fenster',9878,77441);
INSERT INTO plays VALUES(198684,'Joe Keegan',37030,78386);
INSERT INTO plays VALUES(201915,'Connie Corleone Rizzi',17313,8658);
INSERT INTO plays VALUES(202396,'Will Turner',53855,22239);
INSERT INTO plays VALUES(209244,'Maloin, az éjszakai váltóõr',38075,7864);
INSERT INTO plays VALUES(219847,'Bill Sullivan',35508,15718);
INSERT INTO plays VALUES(220002,'Fred Flintstone","J.L. Gothrocks","Professor Von Messerschmidt',6604,18460);
INSERT INTO plays VALUES(224226,'Michael Corleone',17313,3785);
INSERT INTO plays VALUES(224241,'Fred McConnell',11668,37222);
INSERT INTO plays VALUES(224946,'Narrator (segment \"Sweden: The Yellow Tag\")',38491,84888);
INSERT INTO plays VALUES(234627,'Miss Stone',20113,5454);
INSERT INTO plays VALUES(240798,'Horse',48950,88647);
INSERT INTO plays VALUES(244210,'Simon',60412,29382);
INSERT INTO plays VALUES(244858,'Maloin felesége',38075,5700);
INSERT INTO plays VALUES(245804,'Calogero (Age 17)',19181,37814);
INSERT INTO plays VALUES(245879,'Kay Adams',17313,5032);
INSERT INTO plays VALUES(249168,'Laci apja',11753,90642);
INSERT INTO plays VALUES(250238,'Irén',11753,90870);
INSERT INTO plays VALUES(251114,'Teacher (segment \"Sweden: The Yellow Tag\")',38491,91077);
INSERT INTO plays VALUES(251397,'(segment \"Sweden: The Yellow Tag\")',38491,91148);
INSERT INTO plays VALUES(251714,'Kata',13079,91214);
INSERT INTO plays VALUES(254241,'Lady Macbeth',33479,9205);
INSERT INTO plays VALUES(256055,'Gunnar',38218,4034);
INSERT INTO plays VALUES(257330,'Announcer","Dinosaur","Guy #2',6604,9604);
INSERT INTO directors VALUES(6246,11668);
INSERT INTO directors VALUES(10566,6604);
INSERT INTO directors VALUES(12150,11402);
INSERT INTO directors VALUES(15024,60412);
INSERT INTO directors VALUES(15718,19181);
INSERT INTO directors VALUES(15718,35508);
INSERT INTO directors VALUES(17908,38491);
INSERT INTO directors VALUES(26569,11668);
INSERT INTO directors VALUES(27542,38491);
INSERT INTO directors VALUES(38723,23055);
INSERT INTO directors VALUES(52991,6604);
INSERT INTO directors VALUES(71537,11668);
INSERT INTO directors VALUES(78386,37030);
INSERT INTO directors VALUES(94078,10805);
INSERT INTO directors VALUES(94279,9918);
INSERT INTO directors VALUES(94279,10521);
INSERT INTO directors VALUES(94279,17313);
INSERT INTO directors VALUES(95282,38491);
INSERT INTO directors VALUES(95342,9878);
INSERT INTO directors VALUES(95560,16594);
INSERT INTO directors VALUES(95861,11668);
INSERT INTO directors VALUES(95995,11668);
INSERT INTO directors VALUES(95996,11668);
INSERT INTO directors VALUES(95997,11668);
INSERT INTO directors VALUES(95998,11668);
INSERT INTO directors VALUES(95999,11668);
INSERT INTO directors VALUES(96016,11753);
INSERT INTO directors VALUES(96016,13079);
INSERT INTO directors VALUES(96016,13369);
INSERT INTO directors VALUES(96016,14153);
INSERT INTO directors VALUES(96016,16128);
INSERT INTO directors VALUES(96016,20554);
INSERT INTO directors VALUES(96016,21100);
INSERT INTO directors VALUES(96016,25147);
INSERT INTO directors VALUES(96016,31419);
INSERT INTO directors VALUES(96016,32073);
INSERT INTO directors VALUES(96016,33479);
INSERT INTO directors VALUES(96016,38075);
INSERT INTO directors VALUES(96016,38491);
INSERT INTO directors VALUES(96016,48950);
INSERT INTO directors VALUES(96016,52808);
INSERT INTO directors VALUES(96016,55320);
INSERT INTO directors VALUES(96625,29822);
INSERT INTO directors VALUES(96787,38491);
INSERT INTO directors VALUES(96791,38491);
INSERT INTO directors VALUES(96804,22980);
INSERT INTO directors VALUES(96812,38491);
INSERT INTO directors VALUES(97171,54706);
INSERT INTO directors VALUES(97518,20113);
INSERT INTO directors VALUES(97599,38491);
INSERT INTO directors VALUES(99108,38491);
INSERT INTO directors VALUES(99164,17954);
INSERT INTO directors VALUES(99212,38491);
INSERT INTO directors VALUES(100327,38491);
INSERT INTO directors VALUES(100576,38491);
INSERT INTO directors VALUES(100928,38491);
INSERT INTO directors VALUES(100985,38491);
INSERT INTO directors VALUES(101410,34902);
INSERT INTO directors VALUES(101410,36947);
INSERT INTO directors VALUES(101410,39410);
INSERT INTO directors VALUES(102072,38491);
INSERT INTO directors VALUES(102465,38491);
INSERT INTO directors VALUES(102609,38491);
INSERT INTO directors VALUES(103012,38491);
INSERT INTO directors VALUES(103361,38491);
INSERT INTO directors VALUES(104520,38218);
INSERT INTO directors VALUES(104924,31419);
INSERT INTO directors VALUES(104924,38075);
INSERT INTO directors VALUES(104924,38491);
INSERT INTO directors VALUES(104924,48950);
INSERT INTO directors VALUES(104924,55320);
INSERT INTO directors VALUES(105184,32073);
INSERT INTO directors VALUES(105283,38491);
INSERT INTO directors VALUES(106097,38491);
INSERT INTO directors VALUES(106758,38491);
INSERT INTO directors VALUES(107265,38491);
INSERT INTO directors VALUES(107961,48674);
INSERT INTO directors VALUES(108432,53855);
INSERT INTO directors VALUES(108433,53855);
INSERT INTO directors VALUES(108683,38491);
INSERT INTO directors VALUES(108684,38491);
INSERT INTO directors VALUES(122364,65679);
INSERT INTO genre VALUES(6604,'adventure');
INSERT INTO genre VALUES(6604,'animation');
INSERT INTO genre VALUES(6604,'comedy');
INSERT INTO genre VALUES(9878,'adult');
INSERT INTO genre VALUES(9878,'comedy');
INSERT INTO genre VALUES(9918,'crime');
INSERT INTO genre VALUES(9918,'drama');
INSERT INTO genre VALUES(10521,'crime');
INSERT INTO genre VALUES(10521,'drama');
INSERT INTO genre VALUES(10805,'biography');
INSERT INTO genre VALUES(10805,'crime');
INSERT INTO genre VALUES(10805,'drama');
INSERT INTO genre VALUES(11402,'comedy');
INSERT INTO genre VALUES(11402,'romance');
INSERT INTO genre VALUES(11668,'comedy');
INSERT INTO genre VALUES(11668,'family');
INSERT INTO genre VALUES(11668,'sci-fi');
INSERT INTO genre VALUES(11753,'drama');
INSERT INTO genre VALUES(13079,'drama');
INSERT INTO genre VALUES(13369,'drama');
INSERT INTO genre VALUES(14153,'drama');
INSERT INTO genre VALUES(16128,'crime');
INSERT INTO genre VALUES(16128,'drama');
INSERT INTO genre VALUES(16128,'romance');
INSERT INTO genre VALUES(16594,'comedy');
INSERT INTO genre VALUES(16594,'drama');
INSERT INTO genre VALUES(17313,'crime');
INSERT INTO genre VALUES(17313,'drama');
INSERT INTO genre VALUES(17954,'documentary');
INSERT INTO genre VALUES(19181,'crime');
INSERT INTO genre VALUES(19181,'drama');
INSERT INTO genre VALUES(20113,'comedy');
INSERT INTO genre VALUES(20113,'family');
INSERT INTO genre VALUES(20113,'fantasy');
INSERT INTO genre VALUES(20554,'drama');
INSERT INTO genre VALUES(21100,'short');
INSERT INTO genre VALUES(22980,'comedy');
INSERT INTO genre VALUES(22980,'drama');
INSERT INTO genre VALUES(22980,'romance');
INSERT INTO genre VALUES(23055,'comedy');
INSERT INTO genre VALUES(23055,'crime');
INSERT INTO genre VALUES(23055,'thriller');
INSERT INTO genre VALUES(25147,'short');
INSERT INTO genre VALUES(29822,'drama');
INSERT INTO genre VALUES(29822,'fantasy');
INSERT INTO genre VALUES(29822,'horror');
INSERT INTO genre VALUES(31419,'drama');
INSERT INTO genre VALUES(31419,'mystery');
INSERT INTO genre VALUES(32073,'short');
INSERT INTO genre VALUES(33479,'drama');
INSERT INTO genre VALUES(34902,'action');
INSERT INTO genre VALUES(34902,'adventure');
INSERT INTO genre VALUES(34902,'fantasy');
INSERT INTO genre VALUES(35508,'drama');
INSERT INTO genre VALUES(35508,'history');
INSERT INTO genre VALUES(35508,'thriller');
INSERT INTO genre VALUES(36947,'action');
INSERT INTO genre VALUES(36947,'adventure');
INSERT INTO genre VALUES(36947,'fantasy');
INSERT INTO genre VALUES(37030,'comedy');
INSERT INTO genre VALUES(38075,'crime');
INSERT INTO genre VALUES(38075,'drama');
INSERT INTO genre VALUES(38075,'mystery');
INSERT INTO genre VALUES(38218,'comedy');
INSERT INTO genre VALUES(38218,'crime');
INSERT INTO genre VALUES(38218,'drama');
INSERT INTO genre VALUES(38491,'comedy');
INSERT INTO genre VALUES(38491,'drama');
INSERT INTO genre VALUES(39410,'action');
INSERT INTO genre VALUES(39410,'adventure');
INSERT INTO genre VALUES(39410,'fantasy');
INSERT INTO genre VALUES(48674,'action');
INSERT INTO genre VALUES(48674,'adventure');
INSERT INTO genre VALUES(48674,'fantasy');
INSERT INTO genre VALUES(48950,'drama');
INSERT INTO genre VALUES(52808,'drama');
INSERT INTO genre VALUES(52808,'short');
INSERT INTO genre VALUES(53855,'action');
INSERT INTO genre VALUES(53855,'adventure');
INSERT INTO genre VALUES(53855,'fantasy');
INSERT INTO genre VALUES(54706,'crime');
INSERT INTO genre VALUES(54706,'drama');
INSERT INTO genre VALUES(54706,'mystery');
INSERT INTO genre VALUES(55320,'short');
INSERT INTO genre VALUES(60412,'drama');
INSERT INTO genre VALUES(60412,'mystery');
INSERT INTO genre VALUES(60412,'thriller');
INSERT INTO genre VALUES(65679,'documentary');